Customer_ID,Username,Password_Hash
29,ahubbuck44677,E!*6#VY%w
89,rropcke8421,G%&a*U3O$6%!#A7
53,rivanitsa29880,7h*!&*@G
36,jauchterlonie37409,lh!tUOU3*6**
88,pdeveraux19897,j9&!*7$c*i
80,cinnot51993,9*$6*%R$LpD*!*2
52,lworsall47141,Q$&@1yUW*!
64,ssimanenko16072,6*9aZ!!&*te17
46,dsealy56453,*fhG**#!*
8,protter54803,t1*i5#6&3!oNB
97,kbonnaire17534,X**1@&#L6*1
77,wyexley44499,!UCe!!%55!Q$
54,pswadling63217,d!*#!&#*I
99,mmacnaughton1473,#$5p0!*mK
2,nhadleigh64833,IG#&B0C**#
25,lfardo52919,*n!e4a3$G0*#w!&!
59,stildesley22461,UY#r*e*%9!
4,dhirsthouse37446,$7!*j!!!J&Sq!&
22,vhexham26455,NhI!!&YBk%d8!*!5
9,zpeplow44032,43YlS*1P
95,dheimes34397,!79n!$6*%0*t2!!9
70,wchillingworth4542,*!4%!6%@#
57,jorwin13400,%%u&7$*$p$
73,aoliva4814,!%04*P&*6p1
1,jcruess47027,*wK5!*n$#O%80#@4
13,ghighwood33178,YW&*A2!!an
33,dingleton57992,!!&*!JM0*$!#!p8
93,lfifoot27619,X82*6!&gt8**W
15,ttire7047,*!6j#!A!m#*R
67,mwittleton19271,MK%$&UB&Z!
26,meede22157,I5!#!!@N*%Ppm
79,atranmer47345,@6A!T#!*$&5B!vPh
55,cheadley45433,Cdl!w#**X**0!
83,avearncombe30385,Ra*7*F$j#K1#
14,jmckibbin28545,6!$*f&8%
3,nvicent18608,kp8M2!R#
98,scastillou19212,8%!I*!1K#!*&q!
62,kcaffin50166,&L@!&$cU#F*%0%
94,bgepson53330,#o3H4*2$9!*5&&
5,kshermore37100,Ck#a**s$##
63,cleat53347,Y*0*02Vk*!psa!
41,jhawton23118,2S$u$!!u!9@15*!!
48,ctreffry42631,J*f$1P%!As
31,ssteven41796,A!#$#M4!!!$*0B
20,cdavids24974,%&!Sx1$&3l!0$
23,nhandasyde5274,N#o$m3%6u2!&!*
12,tburdell59819,*$33%Gb!E7X!*!!
56,lroelofs43628,*HD*$6**$
32,cmyrtle16054,%a!%*&*Z**#!!$!
47,hdugood10007,!T52*%k3A
19,lcaddy30522,**%&vQ!!4*4!8%!N
96,ldenholm38247,!V!$81261!*&z@$
61,zdaelman12852,!*q#!*V&@B0b16%3
68,agreenrodd60045,f**r3Cj!4*n*7o
76,ecurrington30721,E5!5!*7Y
50,asnoad56286,dqr#3$q!*Z
71,hnowakowski56154,!*Y0*6l!$jQ
42,khoodless64739,*&&k&X%4sj03&kR
49,bwreford7111,!*uh%N$@#!6&#71
82,mchadbourne16918,68$%$z&uZ#!*&91
58,dplumtree43865,&E5e&u!B#R!20
100,gkerley10856,**&*y$!*e4*
34,cbayless48173,3$%#*x*M**#%v
75,zstallibrass45853,c%o*p0!%r*c*n2k
16,ktremethack31145,b*#*i!0#*!1!!
66,amcguffie30790,036$*Uo*!#6**
38,amacadam38039,%y4EE#sp6!&!A&8
92,mlangeren9982,&i2*%**K
27,aspieck64692,gK!S!!ZI9%h*
90,flindhe19116,*8*$3o**Q**H!7!S
17,vmityushkin51081,7*c**h$!7!!%
18,dbayston18154,!!B!!*R3!M195t*9
78,jivermee49174,%8!#4!8*AFq!!*
28,fmcgorman18824,!!@PKJT**!
86,tmaryin21171,3!d*!eVe*i!$#&
37,strevethan51439,O*7&*K!#OM5J
30,aslyde37227,0&&**%A%*
24,dbierman58666,!$!!3ZU8%*VV!
69,vkeightley48506,*9y%V#dE$v
72,criccelli44698,%Z7**9!*!!Jq
91,mbane28299,!*1&!z#!#
74,pdilleway9680,H#*7W$*!%A!
81,osparks40398,!9*2*65Z*
45,salexandre45218,Y!*C#S8#%&8!b2*V
7,ssindle13658,*3$**@4t*W*uU
87,bmcnair64147,@&!#hSX2zv!%J**2
43,fhunte2487,Q!D6**z8&h!$j
21,eschottli65265,***Ih!$b*
40,tglasheen15546,On**u**@*o*
10,hsainz32590,7$03!!#Tt!%8mW6
51,vpotte49634,&L8**n*#
35,glegister32893,$!!0C6!PW!$Tq7
39,showlett49708,1!q*5!*$
44,wdevlin12146,!#X*!c6*k*
85,jdoppler9104,**F#!$**
65,mpurdy45978,!*8M2$0!
60,bworpole28462,*&*@L**A1f
6,tsinkinson64868,p$x!Yl*8R!
11,awinslett60883,!5&*!*KW*
84,jmussetti54052,2!zh!*f3S%
