Employee_ID,Username,Password_Hash
518,ntrivett14461,#!!6F***!y8x!PFX
102,gadamthwaite9948,&#S&&NGy**1
930,dalstead1734,!t#O3SM7%70
959,mblamey40738,i4!$&I!&r
798,hscamadin53424,!$*!K*!S*l$*%
203,wo'monahan31663,%0!FB0G%Q&%y#*6
233,llyngsted21856,*!6!c!$**V
239,dklausen30224,r5#*!k2*fqUa!
320,tletherbury2638,%!q%!0!58*!*%!
166,ekordova65068,!2v9!!41%
47,hmarton36093,*$*!*rt1%6Q&1Cwf
113,isetterington55806,eID#v*#!
827,lclapson1345,377**!#7
920,rfortye52349,Es1!*j!$4n
903,ao'ferris45545,6N3F*$%6!!h
860,osmales50570,0Oo%c8$0p6eOk
294,eclaypool23659,E&R7*z%D*!#%B
451,lhaizelden61385,i!rJjP9#X!*!**
964,gstarkie4890,aL2&&$36t!px&#p$
941,khearley46206,3b*&$W*T*
531,bjarnell57375,#R#5!!Z0$!9#
857,cdick58840,*pV%*357r
529,sdouche35874,N2#**004#*!f
61,abelhome19241,*h*4a$FV5qI****Z
11,gclothier62529,$#1&j!%D!t!v*7#*
140,ggrandin4864,1S!1$C$4E
761,cmcindoe7458,*8y#&!fZ!!J2&
245,hklauer12413,*c#01*b$4%
6,twadelin6120,1f#L!&*M$
646,krodder58963,*sS!Se*&
321,cwoodnutt12429,*7UOF!M!*pU*CK**
756,sheck49473,o*Hev*%2s!G!2*&
643,ahuntley43061,X*D#%t!p&tNR$63!
285,jbesemer51548,**%!$N*np
227,gpelham53442,8$#&7!#**k!#*30
421,ktomasini35488,*8!!11**%
41,dlavis11043,S*t*!W!7*5**#*!!
275,shalford37249,!s*Hrf$r#*Q$!V
772,mtrewartha34605,Z$**$3u#4k8
937,eziehm12427,2F#!Vm4d0*X!*
125,sglas21297,S*E!***G*&%#O
301,ncopnell28406,628j**37*
397,risakov48102,*%kUI***98!!*8*o
388,cscargle18262,!8##51d%!Lk8
748,cmckerlie59947,Io%y*%Z$&*%pei81
946,gwillmot22229,&0TL!&7i**
161,sbuttel29510,*IW&$q%2*#**
360,jpechacek58046,5!z5V*f6**I$
429,bpyle44905,**6!*OZ0*#&$!
249,hpreble10541,2$s!m%6!f$4!2j1
325,brhyme21249,BzQ#*!*!vXs*@
437,iforrestall30173,#7!0Y*%%!20M2#7
280,llowten2956,%$*%j7!*366Y$*
69,ktzuker46993,!!1!L!$96p$6!*$
43,frapson27969,%&T!&Ar$$!2L
465,jwarbys7599,&t**dXw7B!S2&$e
603,tcushe48235,d1%W!!!H
768,carmfirld22126,!P$WiN!B7n8a
745,hmcclosh63000,71*!#2!**F!*v#
516,gowtram11493,6f@*$E9Q
202,mcurrum25850,%7Tmna8Fww
415,asheehan12975,2!*!*%%!*2*9
724,ahovel56459,g*3!4*ahb5a&T9!
674,mminelli45035,&Fbz81**!Rg***f
805,xlytell4941,*IV*O!VF1%%!!9
614,kcoughlan20377,*cO!3Ob!$*D**$
593,ldaleman16395,KoU!&#4%&
191,vgiblett5371,91**Q%*@
871,tloyley6076,1*!g!&2!&7!k%
785,bguillerman18654,**i&!*!&v*
988,uburborough47607,!4!8SV**
287,hallchorne43527,!$*12nz!e9
420,ddel dello54563,e!*H8Ro*s
92,icregeen37915,y!b8T!*#8#1
70,nfolley61750,3z!!*!%4
126,mcasado1913,C%&k%#!T!%S*Hr
56,lfincke60696,!2!!i!#*#b#0!
699,kbillsberry40532,8@U1!d#*@*BNt
880,bbourcq23865,z!!*!V%rc9CuKzA
467,wmckeand9847,#U!!!*!#!$!#*!!y
371,jbranchett34678,0&*v#9P!J*6C$
508,lgladwin4537,0!&!$%$MM
818,jluna61279,JC!*q*04g9
246,mpautot2473,*&I5!wx*9iC*5&8
695,mambrogio14389,*A0!#f2!A&4!***Z
16,dkneeland31556,nh!8!Q!8*0vt$5%
283,ltift28485,%0g330*%
537,vclougher54551,y!$$8!ffrAG!&*2
862,bmower36748,5&&#*$*x$F*!#*b
347,plunnon44512,x!aI&!!#%!V!!
143,sliley32783,!a!w#7P!
406,mharesign12474,%J&*XL%H*4K!%!
297,agilleon32285,*@Z&*6*a#&%*
20,ofarryann5945,*W*!R$2H3*!
822,hphripp26594,u!*E&7F%0*
917,gpetyanin18271,Dx6$5!**
581,tmudd24427,o!$!!v7L*#8B**
114,akell15112,4**0PpL7
859,fragsdale42734,#%v$AIQdwX4
107,dcarlisso51481,!BSLb9!*!&
753,eestcourt1631,#**!*!%9a*#6c0
302,aluetkemeyer32930,*V!!I*X0TDV!$!
160,ameddick11822,7%E*j*!K5*#
902,dle teve8361,h4v*%1%$**!$5x!
22,ewigmore58263,6*&S3!!dh!
85,gorth20922,C!$!2*fL*6r
575,ddunnan4722,!05Eh!$*j#!&!*8
952,nthickens34737,E6!*$$P%*!!
652,pchallenger6229,3X2$30!J
106,gwoloschinski34165,!*5&!@A%!*
740,aleyman36884,*$**Z9*2!!8!*&$
899,cmacellen27821,*b3%!3!$**6
79,sthresher9918,*d7Zrj48
836,astelljes28149,Db!**$V2!6V*!7
44,dedmondson15418,$$x*!*4*Rh#!!*$Q
473,fstockport5944,F!7m$$!#w%$E*
841,cmowday12888,S*!U%!$**!*
909,mbillanie35794,@fP4!*!3
462,rscroggie19598,!p#7!6w*k!*&*
328,gzute55192,X&ol$d*6c*Dy*
681,ohellmer59402,49*3je*$#&qa*!!
666,vblemen49327,6!Lxc*!!31!!&*!
767,mbetteridge28131,!m422X*eAz*J&
60,mboam28992,K!$!*#r&!4%7$wTE
654,kyvon8466,R$*nC*!%!
558,cclaworth38716,*6#$*$*!!#
207,cgopsell25063,#**#*t6*S
619,jmalpas12208,E*%!#2!J4AVI!4!!
705,ed'elias31998,y&Dg*%NiJjqN&!
514,scapnor7375,*G##$*w1g!%$*46
119,echeverton27068,#$Qx!Kr4
636,wmullarkey65411,!*U*u%w*
873,leccersley63175,%6FvhoI&!*!g*
183,ao'doogan43394,*!ve!5a*!&V$G!*
184,dcracoe18359,1&qZk7T*lT$77
683,dgummery33576,!&Uk!*9***0l9#k
444,jwegenen44142,cdc!w*6d
776,sbeurich20821,!2uS!!M&!*
181,bnieass39462,!x0i%B#9*
100,frief48139,*!G!!!5R*Pc!*!E*
846,bmossbee65296,**M!4&%!%TM3
303,amuggeridge57050,G&1**x!!*%b*2
944,cdybell5576,LZ*#!a@R*
694,khayhoe12324,u!Y3C$f*$!&0**w*
163,khaslock23682,!%%&e!tR*G!#*&
956,nmurt10039,!$#I$Z#e!WZ%*Q
443,mtilne6830,L%*13*96Q@#
435,bfloyde54399,6!Y*$ps36!6
546,bmorteo59721,ZD*!5%#!g!Y*%1
286,cbezley1386,k!2157Z*w&$*oqxw
813,gscade59086,*&%!!yP6%
132,akeal37716,!2PMV*##1
129,mtraske39249,7Xbv&9z%!4!P
842,ljery34977,!4*n78!%#N8*9!!I
369,ddeane23155,Gn%*$d**!##91
146,hraselles22269,*4**!F*20#
870,lhurrion3165,!!@#4pu!&K**L&
816,jrushmer12503,9Fnl1!1L0
87,edrugan36506,9k!*$dI%9mw%&!
252,orounsivall19117,!F!!7KD&gs8*
503,jsepey14104,6!g*mo$#s
953,lmaccoughen46691,3503&0*#
922,agelling7715,r1%*9Z7**18
765,kioselev49501,%c*$RjQ&&$KZ
158,bsibary51015,*&QITLU!
422,smacdaid23365,f*gk*22Z
620,csickert13081,&39Ts!!$
211,kyude27256,*02*0%#06!JNf
762,cswale27224,1$P*Qc**q8i$!s5
533,aragate33247,&!*ZH*!XN&
791,dleman37899,W7H5!C8*1*P$%*
971,jruppelin50638,S#C*V3!!4!K%
34,tfludder39016,!#$*Fb*l75fD24!c
292,sbroadbear45789,XL4H!7*0!&
63,trobottham25496,61!I#!*v
869,ceustanch20625,*88*$$!**
927,kgreenset20459,!!*1o&XP88v*!
990,bandreolli42686,**4G#JW!*1p
13,bwyss4587,#1!!75@5$q1i
474,gmacknocker3862,%67KA*$!Awe
408,lcackett56631,@I9!Aq*J*ug!7*J!
289,bbrahan36993,6!4t!*C*n1!**!%n
138,hdowning2394,$r!a7&P2A%!*%!f&
200,kingrem37460,Q!*B0mq6
273,fburbury36017,*rA!*3!##TQ2
266,pscarff35521,!$l!RP!u
991,jhembling7098,**u#FY*Q&5$R#%!!
582,wlassell55554,9c!Ey!g%F*1%
843,bhaughan17259,7*0!*98j
288,swemes2813,W!k#&*1@Gv%!
567,apalomba40017,n$*EX!W3u%k
157,bsmalman42842,A%*!*77Ooc&&9!!
46,lklimentyonok12390,N5!%8!*K5%!!
628,gfillis38821,#!*9g*L!E&
854,lkirkebye26422,9mg@4!%*!4*LK#
701,bdunkerton45718,Pw!I!AxV6*!*N#c
291,fgreenan15218,5*6!j&*L0
45,chanbridge47927,#*#I*oU!65t*!
729,gmacenelly34227,RK*49!5!**pq%$
343,dkobelt26415,*&C*G!4I!
915,jfinlow65252,*z8qM*$*$&7d*u53
790,cbentjens11186,!r#pmj#Z!zDI
907,sprendiville47532,%$U%!!J&
261,crevan31140,J*E&Ofp*!C
549,ariolfi9530,*S%**%#!1t*
383,cscroyton13961,3%2!W*H9*!!X!
852,fdunkerley12510,!pT**!m*%r!*
164,jtremmil52099,&$*!%5!qQ*uY
364,hsoonhouse44814,**#c#4**!*t!*2
707,dmattam22081,G7$*!!2bX
151,cramsell4755,H*&!&p*F*
141,hcargenven44881,!*#!!v!8*1
788,ljowle24552,f&c*7#&296*
669,keverix24278,5*y*JH@$&6*8!u!!
399,wextil40241,8rD*14!fR!%%1j
251,mmartignoni63326,uE**!p**bw**!l*
241,spointin10782,1EFk&LE1ZE*P2Y
225,tmccuthais59653,#!!&!**j
104,mwarn6263,*J&bwui!
523,bferras31637,*$3x!!mI*n*!
230,kerrowe59382,!%!@xrm**UA#!0
380,sbenediktsson59197,5*W%2n%8
801,dpavelka8302,!!!nEJ7u0
65,rpaffitt56372,pt5925*u!&&Ln
254,nbecker46050,jC*z**l*$!a
890,lemslie33747,N*!o9f!jde
938,do'donoghue15660,9qnwC!CgQ*&*t&
521,wwarder12676,L%!!$xR!jAI7!
861,amcinnes16404,*ih%CluK
478,idelacoste36230,5rX4H#5JcW!
50,dlatehouse35526,rx6&9&!*h8
908,pcockaday54622,&*f#*3*hb*7!86
430,ptomsu6343,#3Jv!8!*%v*
348,bsings63140,!$!iB$#!%S*#m6
714,rorganer56814,*%v#S!9H*aKJ7!
298,ahumbell11812,&A$*!*!!&!$
969,rkalinowsky17518,k#$!*1*&HZ*1*!%w
627,lforton65367,#4q1o&*!*&V1*%
660,tbramhall15782,*9!*daax0i*%!&a
171,rtunkin12582,@*!1!a!p%%5!%*1*
901,cdallow21509,**%!#%*%gN9!*
541,dtows3440,!#O!#7&69!!QUq*
480,jguillain55809,D*!G*H!w
344,gbulstrode65253,#%G89*!!dkP%F9
749,baikman22173,&!&817Z8Q2!
440,fbeacom56130,!jkz2!u%*!!
1000,ccheale16008,*&*25*#E
979,jhaffner48939,H2***j8f*&!!*
727,dbrickstock34908,34&!*nAI&z*mS&2!
78,afabbro21817,**&e#r$%#!!Q*x
832,jbenet53963,%*##*L**
73,mpaeckmeyer12751,*&4*&##*A*ax
757,wblowick33835,*j&hY$*56Ji!#
834,jcrocker274,!k*9!*x*
361,askones10439,$!#O!#7%e*2*!s
196,mwillsmore53959,!**#5!s*7eNq6
398,rbiddy38642,0@*!%Y%*
511,avink12421,!MIs%!*&x*Xy!f#
743,lcreddon4285,k!4!7Tq!
881,nrupke42825,BMjE%72!j
556,icoatham19059,72#$10*9V
257,fmcelhinney12619,!***c*0Da!
489,ghalfhyde31885,n*sFO5B$
623,ciashvili38585,&u#sMsc*P*&!
264,tgallegos55598,#$N*Lyi$%*
391,wbrandes46554,B&*!!e0#1*%c*!9
933,ctyce27857,o5N$d35*!A
726,gbesson21966,!W!!Ik3*16gjc*!I
378,gsavege37602,#@*!*!l3*!q
782,jcausby47837,!!**6*YJ188J!*%4
957,bwoolliams44822,*!!j**pa
833,fphilo44637,!U!T!#dLF*!!$#0
442,gchristopherson36547,9%4%*8$#1!!
177,llouthe15563,5W&4*F8x2
89,mgollin27530,%6V7&p*!6#
194,ccater22538,K*Y!U7t$!u!!2n
452,lcurnick36032,!9*Z$64*$*u*tp&B
410,nskene39863,V*P**k#Kv#*$x*
936,wsisley33893,qV*NM*i*B
875,go'concannon20972,!*!@!R!*
943,ematveiko31571,iP!*!Cn***p*!$
958,lsharer8581,V%!w!*1o96#
118,adarke63426,M*e@6**yO!m
495,efairlamb59072,#69Zt**c&*5k
527,sswyn23527,V*#$yh!c*82PK!
665,amesant18860,#*36OlU3*!7!!r
797,lfranceschelli62565,09o*!8*1
318,etompkinson29771,*4$#*5**G
220,pwolstenholme1921,!KB!**&N4!w
793,fmacfadzan16932,B!RdpM*1c7U
612,gsustin15750,$UR*8!56
262,mbeadell55478,!a1K$I**!X*Ko*@
891,frosten34010,d3cD!r!e
173,llantuffe42049,4*b6&j!&&
649,abaythorp23677,n*3!5*K!V!
732,srankine11146,*u%f3%!f!s*
758,nauchinleck13971,Z12g!y*A!g*$
37,bszanto31204,&#!**!5R3#18Y%*H
131,hhuriche13847,H##6Oh*8
375,echaplain64232,!3*J*4!kl*NY!
688,pshelvey20047,2!TP*!MbY9
615,shayer15974,#**p*8gG*
992,rchinn38890,Z**OzH8&A
416,wbillingham15906,*l4!**!T*LGY&GQH
485,jhehir60730,!*!N!*&!!**!4K!
877,amoppett1665,$&m**6&r6dd1!
221,dbahlmann11530,2#Z!58R&7
219,lmccrystal52374,x*$&$*j%2Ca!6*@
58,wrable1330,*U!1!CYE$
629,ncoopper55102,!k&HPimc&
155,lshalders10076,!!%!r***$9!
242,wcuree64133,%*w*!!L*E*
663,csarson30038,4&!*#8iCW3!
268,cscoggins37718,7%sgF!*0wx9o
942,mbreddy18386,3%8*M3T**D*
605,fhealings32544,!F$Z!d*!8#V
680,cvannar14363,D0*S*&!0D*HQ%*
863,jlewens9794,O*s!0*#%!3!
307,cmaulkin46291,x1f*x*s#*9#I$
499,mguillot63880,$*!!Z&15F
174,epaprotny6571,%9%*p39*X
373,rmcneill16776,Lb##W!YXs&iy!
248,hpennrington8530,**i%!Y29l!
710,hoxshott32291,%L**#!s!xu!*3*
112,aellsbury31533,#!e%g7*U*4$**
81,jbrownsall13131,e##3*k6$*mL1
498,pmougenel23851,7G!O#VJ4!$J
717,gdiess34245,*knc@SfP***$3
281,cpeter56845,*er**Te48$l!
742,ataile14872,$7#$i*!r**R&$##
172,rtitta11525,!y$$210#!**!sA*l
144,abodiam3455,ag&6&d*!26!&z!*B
278,bwinspire58093,!8D#7#T%$q*!*
662,gmcanellye48775,*J$*r*819e&&*
71,acastelow7378,196#ha!&3!f!*Cx!
594,hhugueville8718,*CP!p!!I!*!*Dd#
426,jharry45780,kuJ**!Y!
911,brunnacles42329,!**X073!*#b
564,ibaudon16750,*6!!Y!b16j9%Hd1!
162,cdaintith16867,#sUelIWhq&
90,dsmickle53093,E9!*H1*B!
588,weudall5056,44#KXE%!***&*r7*
12,bduplan16194,!k4r*8t*u!ES2
989,stowey2229,$8f#2**@Rb&p91
703,amedd12260,I64**0d7
800,bdast26722,F&i$!%#w*!&p
882,bpick2646,G&!G&20Ln*e1*
91,tanfosso18417,!jc$Txx!
671,fcaudwell28695,M!5DzBe3!ct4c
586,fshapiro35612,kg*0N*d5$3**8&##
576,mselway42021,F!#6#7!!9*
568,cmiddlebrook55903,&4!%!S!%H8V6f*
468,gjirus19171,$J!!*!kor*
993,asamter44766,!t!uX*9**Xe!2*1*
602,tgentle42,L!%*$o7a$*m!
395,afrantzen18642,$r!$9!!*!0!1e!
423,xbraunle24974,6!3x!I#3S*!M9m6
21,gsiemianowicz47014,B2#*5K*4#94*&
561,jortelt17861,!ph!!60&!
447,fkrzyzaniak4512,d*u*%*!!*kg%!
445,csetchell25936,s*#!1$!0eZ*l7
446,tkelling47275,9z1!%!!08*Q8*!!&
322,kmollitt48231,W1eur5r*
982,rlowless38912,1!!7M***!**$!b
55,jzincke46413,Z!*O8QN!**%**4
346,ajull11755,!&&#!1c&*4!*%!F%
879,dbrinsford31609,7*!*o!UE*!mat!hL
751,awhysall58280,js6P!Z!!*7o*n4XG
324,jdawidsohn26188,Ao*!bE$E
189,hvolleth42131,7%C2m*A!!C!39eW!
590,ghamshar46270,08!7!0pf!d7*
565,kacosta50854,0*!x#M2!*U
293,olodwick46869,&H!!IlPM*#xJ2G
550,abenge5576,#E2*!*t**!*1
658,jbarclay49040,9$!%M7!*
513,elanchberry6851,9$**U$F*42*3
4,aferreres26594,%3!#*NX%7&29e#
849,ogabbett63255,bOGi%%!!
997,hgot45872,%r9zlX*7$3*
634,dphair28527,&P#$**Vb
978,abynert49125,!h8#v$!7
392,aandrolli51082,B%i*!&!1R*iV!
232,clarvor27113,!*!CN*d*
655,ccaulket28467,!225#z*!47zU
317,bsweeney51663,Q!zb&EPr@!
180,ckevane35631,1cw12&2!g6$*
123,echuter22737,$*8**$2s&R@@!#$8
573,nellington19743,1G!*#%$m#
972,fassante11089,340*V%KCr!!*$t%u
240,thuggon53311,sdYL#4cW!s$
700,cwoollaston23902,**4*!0D!Y!!!f*Z
635,bhaberjam34132,SK!8*07!u&q
491,ohurd16947,e**dG*i**
624,arattray46506,*!%*G*$!T*
651,goiseau12072,51Du&5w!&D!1!
309,cgreenshiels18764,!**%#w%$$!!
24,rvickors11480,3%8U*$429*T
93,acharville15610,&!j#!l5n7**!0J
610,cblade16536,0!7&%*YB*
494,cibbeson60037,!31X%8g4#&#4
120,smeletti53069,%Sq*2$!s1
844,jmcduffie26047,A!!!3v*!%s5Q!#r
967,shasnney45196,L!!C#7!!*W
176,wfarres19439,04a&&D#9!!
555,gstollberger18783,SB!*O!***Dg%J$$2
509,cbattersby59367,2*N!G3!*K1$z*&!
363,vmully2494,!5*##Z*2*0$15N!
621,vboyson55461,!CS9H7Z*82
130,clygoe12076,ZfS!Hi*F6!!
42,jreast64139,%%!q%**%O3t*$
910,epiggens52031,r#!*!H6!!31e
746,pcapp49454,*!b!%#!!*g#L
706,rcharke14435,*!!*4!*9!U*g
488,cgirke36266,1*i*!s!Q!T
122,rmurie35605,3w*9%*4&
885,eruller2778,1#Ase&$2@H4h4*20
454,cschimoni9327,8z5Q!!#1x%H
222,jcrowest1971,N!*2$*2!
794,nscruton59206,$*I0***q#D&!L
10,clilian42373,!*4!*!cy4!%&$
492,ebirtley52328,ae#O&J26*8*
381,bviegas23935,72N$AxmM
677,knevitt35691,Tdw*!6%&CCS&*
507,amacgillivrie4379,%*Nu03&!!$*q
32,rm'barron35255,8*5**!*44#rL%BD
414,bhebblewaite39648,!SZP*K!4p*#!**
192,zpettendrich41887,a!!!K!Z38*
470,whowey17804,*&K*!*Y*j95
592,lrubke12011,l!sN%v!84i**C
585,sbaume18635,!!i&*c$r1
735,ctommaseo42896,*p3%**$*y%*#3!!#
450,jmarklew4170,%!****l*L5#W*MX
780,jblanchette14498,0!*M8!%&x!$#k0&*
152,eferenc23787,!Z*!#*r!**$p!
984,redmed30018,O0!44u7z
923,mscotson58759,&&$%oS4Go*M!KB!$
787,asans1767,*v1r!f!cJ*
542,bkahane15099,*4!!!Uc*
139,jferens22187,!F6!U$!e$!v
728,dscarasbrick42478,U#$6*p1%t*
342,eclampin37585,QI5!&**D!!!$
439,mmatevosian9988,0!*!*#*042!!*
431,jpenkman57057,9e!Zi#&E!Nt&!
986,lmaciunas54372,7Hy$b$2K*
376,kscaplehorn12652,0*c96K7*$&$!
574,tryburn24440,!!2LnF*&
149,lhealey9923,$R!%&*$4R!j0*1$2
329,tdyet11416,*4&##$8%&**N*!!S
577,ehullins49954,*#C!*tyF!%*
679,glyons52127,***K66Khx!JAOJ
412,psyversen34124,x9%G%h#Uf
580,tcron45725,5IEF%S%57&20$@
358,dnoades22124,v!m*PPUkw1
519,svegas55981,!V4FrMa!!p$**8!9
981,lscandrite27252,WD9!c$1!xO$2
970,mlavigne5310,*!*Z!*96J!k854H*
639,atarry43810,#U*f!V!g*
848,dbenois8911,R!#L$iD*x#e%B
304,tcamosso38253,Ze$!!*s7
760,mvan vuuren22020,S**!3*!!!&44*m
490,bkrysztowczyk43455,fC!y!%#!!a&0!*!1
352,lblissitt32056,0*!*H#*G$&
212,scaurah22867,!$$#3b1bV
260,oalfwy17858,J0yiRI%!
103,idurant24732,*!!**5xM*
744,pdilleway5697,bA!0iW!O!*Q2
528,dridett10755,991h!w!**#7!*s
829,dkenney49061,!6$!*!!8*T&*!Fr*
362,eglasscott26692,Nxm1%*!ds*M
650,amenichi47175,31rW%!#!Z2s&q$a
935,kblackden45673,!!*9FR6!*M0z!
799,gkleinsinger19742,*#f!h!!!!O!R*
769,dearley44619,gHD&7wA*wf!U
704,lkleinsmuntz15055,K!03*A*Jl&!*tM**
214,zgoodger21887,t*7tC5!9
570,rthormwell44334,a$*06N#8UGi
530,hbutts8671,*C%3l*%O1OWe
455,lboutwell32181,$#I*yZ*!*O*%!*!%
449,mguiness42167,*!*Em1!*!M*2
18,vmagnay17541,!!**$c!7%an
436,nnecrews15106,!0O8$Ps&
696,dskeen53884,IT&3Y5E*2&J
775,znapoli44286,y**!!!79Z
237,mmoggle14985,i!cv*hz*&
510,mtaffs25513,!*&7!i!$
57,msaylor22804,!eq***%F*2!d7#%!
939,cnoddings14119,*NS*9**!*3%DV%
774,ftiler34154,$hX%!*0g$P
783,aplom58213,&!*W*8*!
784,hmerioth19136,U*9!9$!b!**!!
600,sximenez42834,*!!0!nF!#Q!n$&7!
463,abranford55076,!**MT**4$#&*d8O
866,vdaborn37194,&@3!*4L!
520,ccudde42748,*7!*dE!FG1*
709,ablondell17685,!N*xwMix*36Z8**
461,vupson15791,fG9!!k1&*N
826,omingauld2779,%4!!8i$tH&3W**
731,jscrimgeour40447,%3*5%!!1r70G*1
204,bde vries54503,5e!&pcZ*3%!X#Uy
702,bferrao31761,BV&*!&&!**1*z!$
808,gbelliveau27318,7ScTq7!*92!S%f
244,gdanzig9989,9%p2dK*5u20QF
687,twitter4311,#2*6xL$#*X%%%$!l
876,gforgie13316,a*Ol$p*p*#i#JB
295,gmayward58659,K*!*!**4*05G%!6
535,lhandforth4241,*!#*&!!!S
459,mwarwicker34139,!PM*z!%!0VErk$!
77,zdi lucia44212,!uR$!!*!3j&!y!xz
216,okibbel24265,Sp!Q26!$O0VfSXM
150,cbarrington45606,0$*5*d@H
928,tcollins614,6!!*v!yF*4#&!*!
738,rodgers32301,#!#X*&13**!3
39,kosmund23502,wk!29K!1!$RjQ*aa
438,bcettell23910,mF%%uo*k*!!0
999,bveitch52718,0A&&SO$0Q5*%L@*
961,sdunckley24756,%e@!D&Cd
682,pmcgilroy20709,D@*$$ZP*Q*
477,mkiwitz13513,!!3d1I571&!!!0T!
68,dclandillon12383,!%E*Pm!6$#8!p*!
720,gmclae46958,2%%B&J!X8vn8p
960,mbrasted12154,#6n@84uW!6&
711,bkmiec40929,!*!&*F!!5!**r9!
715,ctustin19273,3t*9z!s**g*!$
599,czeale54534,1n478#!*yz
913,dhumphrys24335,4T!!V*q8b#w!9
828,bbeetlestone11714,j!%rkCKe*x9!F
965,bguido21612,#K$&!!&U$!!
916,hclail22111,D3y$!u8%5**!6$u
35,djuan48871,!W*2*$6$G2!*!F!!
312,shassen20209,Bi*9hX!m6*
815,dfillary32033,*$#vBn#T
156,pwipper20564,H!PXz!m%&pV&**
96,hskeermer55849,#&2#lbg$*
382,jgossipin44054,!*$8&u**6
236,rstocker51359,**#!!g***&*
940,dlindl28284,s*t*$IhE2
894,sfranscioni26427,Pe**B#rC*
255,flowensohn23558,NU!*u*L!K!**r*!
175,ntarrant37103,XV*Qq$U2
763,mtonepohl38668,*9nR6%*!V!Fi5&L!
955,cbradman4564,50XV#!l*7H
838,atotman3366,rrW73&d*!f7
889,cmaher27972,$$V#x%%%
76,gmillsom33943,&*!a#Nx*%M
448,glancaster29370,!O7$CK##3O%!7!
2,bsidaway56591,!!HU*J*0g
186,ao'hear34771,U*Z!jV*!*0L!
29,dduchesne22218,8w!f!7!!2!2**
441,schesson56690,p!$&!!@3!e
272,pmcfater7754,!*C#!*r5#$v!Fx#
386,gbuscombe9383,E!%T$!a!
604,jsinnatt34498,!*no*7217&l&
723,edownie11673,V44j*S6GJ*
505,rslowley8368,p%T*c!Z$*$
270,cpowe39590,*!!vX1m*%%VJ$%
887,mmundle34432,Xx6!**O5*7*K
617,lcasone30686,mYR87%rwMB!%#*2
802,khollebon26044,**#!*k!3*$c9!X&
770,kwerrilow56790,t!&x#!5c#a26Gy
892,jjanak50266,**4*12Q3!
544,hedmonson62043,!Dw*b*&%4%
145,eloidl21679,*yC!X1b#1*Y3C!*!
883,cmatcham57214,!%&*F%*04!
31,tgaddesby23825,!38S$56rb30g$!
886,jarmand19186,%$&!5!XI9!R#W#*
895,aconstant52375,!*2*iI2!#!
538,kmacrinn18931,6f*ia!&!8!
271,cbalcers13511,eC*t*P*c*FH*ha*
526,svasyukhin31365,**$dY7O1#$9$&
692,jgirardin19317,*A&4##!*K
134,charrismith65170,W*#89%3*$$3*!$1
231,oclemoes58425,9$*l&&*yf*tk
300,gmillichip64184,Q!wz7&&J!pa!$82*
653,tlockitt41754,k9!3*!BG4@*
559,cferreo42021,p!$$13!%%0!*a*!
282,cdonneely16693,V*!&#ce*!t*wr
62,tkitter61055,R*8BV*r8j#S38*6%
115,hneicho5072,$*!O*90!@h*A&#Y$
633,jalger49394,8$Qc&*!!77
256,tduham30158,sj%!%Z#4Sd
366,cschulkins58712,@P!!i8m!s!XG55
598,tkiddy61705,!q**N5%!!kXc!w
856,ebazoche50432,!$!1o!&$B8J$*7
49,npomroy22144,gU!39%*0i
167,wcottel29742,1l**&7T$yUDU*g*
59,djozsa19823,1Q%9qA!%5
950,nstang-gjertsen32394,gG08!#!&B8*Aky
670,mtreamayne53085,6U4R!&d4&*%!**qA
190,rcamilleri46976,9$!OQ*A2d3
457,nbeadnall19283,3m0A!N6!R*!
356,bughi17940,7*wu**2!NP
786,jwheelan60452,!!@j*29%
584,pgoodlet15369,**#!$iS#&*s9!!OW
601,pbaldock37158,j$1*!XGl$#X7
645,afear23962,*$f!2#*c
500,rwallace18569,p8!!!7**5%
945,ycapstick30230,4*3!6e8D2oT****
697,hcaston27426,3*#1j*3s*&
487,sraatz30491,!DgG6**#*57#!*%!
3,bfairham36126,*b*$k&$D*X7#
947,wdenford60721,67&U!1*%
921,dpeople63770,!*Yr*Yv!%s&
560,sshevell33246,6j!oe&*X!*
475,hgoathrop54808,*Dr8Y%#*FsvGHR
234,wmcgow49723,#4fw55H*
400,achesser12876,aOd&*#6*G*j!Y
493,hpecha40695,%!m2##6*Di*$X3
563,apoundford63936,dnIX!3*#
752,kallison56049,&!!!i!**QG9A
117,esheals23011,3H!&ZCN!7@!%%0
277,lwiggam32364,**PZGyg*1k!bo
837,mphilcox25031,*#4%%!%#*Y!
407,ymoiser29780,!4m%S*S*Gx!!A*I
678,hspitell37963,J$j*!*H!#
308,kmongan10921,Fk%v*5#ie
472,jduferie25158,!!j*7*1n!*eK%P&U
387,kciraldo46800,56&!N!**$*lx
976,bfolkerd48136,!#O2m8**E*4
404,eargile38695,6**SD0b!**%dO
888,jizard25990,!!*1!3*T#!***%36
545,astannion11428,!!#h*0a#ue*8
525,cterram15087,%*K%$5$Q*
86,cpereira12467,4LG*F*l*qS5&!!*o
182,gdoumerc7575,4Q!5*O*D!#e
725,ballward58144,*#!$*6!H
661,ddoncom17656,%K2!!u!qxq!#q&
998,hpinching19138,*%#$!O$L!!8!!p
730,tneem47023,*uH!!F7!&!9#!%*
108,pdriscoll33868,*&2pPJ!i*
432,cprugel32294,%z9jA!&@!#*!04
159,bmusselwhite33643,*v11D!n$l
199,yramelet40046,*!k1o0D!!
419,mo'fallone307,*%V*p1d*$&*C#
359,ogillbard14136,0!!10AQ!*@4
274,lambrogioli19134,6m$r!&iHzxp*t
552,cgadson27775,5!!*#*X*%!5b!*!
403,otyne4446,1iHe!*4Al!
80,dbozier15488,cW*!K%W6C*MaG&f
142,cilieve24314,!L&F54!2uz7hRN
977,bpetriello12432,A#k*#&%B!f*8wm!8
64,kcampione54177,!353wAl*Ohcar20
111,ckruschov61364,*5%!*%L0!DV
276,mloude50400,&Y1*!E*Z
471,galdrich15024,6R#!!*%NX!2Ft*
897,akersley29922,*F*!Y!!2t!!#P$$2
980,scorde5922,20O#!*Fe
170,rgoldstein25111,#1#3!!!J**@I!$
23,tmorphew9143,9*%Dr*wJU!!
97,bmattingly60805,*!*GeG!*q*hGT*
532,iconner45620,*6**Q!D&!*$*jn
258,mswaden59755,!32*G!!x!
820,ztrahar30449,8R!*f!#R1
750,ccourcey49114,6E!$!#***t
685,jansty54800,vw!P3&d$**j!3
754,jfere6883,lV!39!!!8*zb*
840,mlackmann51314,$@*YG9K*v1#
904,jexelby9324,gY*XY*2!*V6L
213,hmico891,WK!**431*11*x9*!
973,cmatushevich60877,**K*un*&L5*Y&
374,sswaysland8742,7&E$&M6jp%*!T*m
835,grottcher39108,#q*&!**!wa
893,agrowcock47273,!vHx%7*a
896,jglasebrook51250,Iv!s**&!!uB
337,dsibbson14691,7%h*!34&%!UK
668,mklee456,M8V63*qI#2M2W!
597,kwhyborne33677,!p1!r!m**8ez9%r
595,dsimunek13219,*O!*7KKg4c
554,hhatto2100,$R%*ve!p!01!!
299,mwinn52017,&5Y8**3y!!1E$&a
198,sbeldum14036,bXK!FGV!U!**e*!*
983,wlaphorn19437,@9#!8**!I*Y*iJ*
94,etraves23234,4!p25!yi
335,imartijn20919,!a7%y$t!8#3z4
178,psarten55166,p!!!h*595&
310,iskippon34534,r!ds!0*KE
460,cwilley10558,Q26&$*@u*v!2e
284,dgarton30819,0!MWx!&!v8
401,awither35648,tT5*os*!*$
987,yhrishchenko34057,lP*!%*41FS#J!
553,edelacroix40733,S69H$W!G
974,lpamphilon51161,!!!p2#U9!4!*!*!
847,bcail19722,2$!!%*o$*
425,cbyart29820,!!p#lk!va1H!k*!*
951,dscrafton52205,T$C57*4&*!!$#7
853,mmalter2380,1!!94j2*m#JI#
110,rslessor39079,!$G4!g#$uDxP1$7
330,tschroter8682,&tC!#Kk#*
267,dmccallum26283,63$m*0xAq%dwbo
618,hling30899,80#K1!P*%!U%!!*A
796,lbaffin27595,My**U!f9*!*&&#
263,asquirrel23814,&b*$@tg$***E0V
52,cmayoral60638,9d!*TU*g&!*
851,ebanstead42762,8!*1F%O&X71!*2
821,mhakewell37946,*h!%97xu*!#&$zU
253,mrzehor17218,7U0$!u!5!S!!N
486,jl' estrange41198,44%%O5*#*%Y9iv
28,jbolle34072,!Zv*B3*C*H!5%!uh
929,rprestidge22422,!AT*G!!NA
640,abraim17914,a@e05*v0%#2$&*$
622,cstansfield20431,f*hA**Xp*A4f1%
566,ledwin17565,!#PG*NV$$&!6
14,joldnall51721,y%4E!T*@L$w&#X%
296,cmeneghelli1523,t*$!k!3!&&!
562,ale surf20923,0!!q1*9r*!$
365,bkynoch50083,t%u!$81*M*b*4!EX
5,myukhnevich64332,#!I!J!$!!!8#47%!
625,dmellanby14443,!%6&*l**$
583,astratz21238,!&*93g$l0f*!w1H
74,jstaniforth33,Wmk&!k2*!*
290,lmorman40799,2H&E0g!I@qH
963,ahubeaux51407,*Fgbw*ny!
609,kbrammer51051,Pz*!8*Q*R0*1X
372,eadshad64524,6J*%0p!!u*!
1,aseagar48659,#!!#3o2EH!0hv2V2
616,erodenborch13621,43x&%C*!!#6%*
676,lbreslau57470,7OaE6!$&
949,akilmartin9319,45X%$1wq%CF&!*4c
657,dpeskett59521,V!7!!!#%!P*jL%bf
898,ade beneditti57887,8E*!!S&!6
433,jpavolillo48566,!$T#A0&$$p*
506,dseifenmacher7181,*%$2*!!6dha!89##
424,crangell6124,9*rz5&&3$*!aP**
36,dgauson47642,RlLQHNSO
954,censor18528,*!l*9p*!6%!***N4
831,ytower63120,I!!*T3T!S!cA%
54,fiannello23317,&tR!*W*!*pC
718,ekender10772,V&1nS**s#WJ9!*
483,mstenner61657,D*!*!&!*
336,hpuffett42769,*!1SCg!!
269,fowthwaite14340,$6d*34*g!#!
136,gespino52384,t9EdE0B#i#
351,iteeney5372,$2**&*Z!*c!!HlS
124,hcobbing8940,$!eO#!94z&!Z
279,dmatijasevic10488,*!Lx!Mx!*mKA%
83,raughton49126,BJ*&**817!
121,bsouthward31943,!*6%!!H*!*2Br*!
733,bhairon58896,!*c*%7!2*
924,kwallbutton39463,!$*m*3!#*N
607,ksheryn16501,0*o8b#!$!
557,amcphelim58032,%Q!*#f6!$
766,pbjorkan21863,k*7*!2*$4$
17,bcourson34451,v$9k5n9w3*!
7,mmetzing3468,2!yu%*k!6&**
464,hvan arsdale6373,2Z5!*ROD!3!
193,mstandbrook48810,*x&*V!FO*
779,akaminski33115,G!37h2&i*1*#3p*7
313,lsolomon56741,VT52!w%@**$d!#!
484,kshee570,*$7&jP%x!#&3
340,gbletsor40137,ZAmC%!!Ve3!kn9#
673,aelsmore38086,I#C!it1L!*#
548,itabord26144,!6#V!%$46!fsR5Z
739,psearles8148,7%*Ve2#9*
456,rsermin21360,q**p#70K**!5
350,ldiment40694,&*v6*7w!&*
417,dlinner6451,*ww!#d!G4l5
789,sdoey29155,0$**o*83#&Y!*!1
153,jkenson28294,*Q8uy!!*%&0gr*
778,abaulch48869,W%*e9*!ia*
667,lrainbow10605,E*x$0i%d
314,dvenes28450,6K!%Ah*8*
75,awhitrod60339,3*!5*L!0T*#%$
265,bseman20136,#!t*6A$s8%3*!1
543,hbispham1730,NG$!*0*2*!!$$*!
339,civanshintsev40275,*%4*d!!Y5!L%6v63
551,fgoldby13663,NZ3!*332*3*
247,aruthen1466,*$*p5$!g&*&$Y
644,hcalbreath44149,G&!%y!*twh%M2#*!
229,krallings32523,*JcB!c*s
215,jabramovicz13917,*!7Z!!*32af5&*
250,hrosenau62169,%!!k37!0
319,gderrell42843,%J!*i2Lo!%$
659,lantonias14041,%zl0*nH$01eC
632,adate37667,56*C!2&**!0!u1
932,aspensley49053,FA8fo!q$*!$!5d$2
512,mdawbery59527,$$s5!sQ%#PZ*
719,afarrer65220,6%L@y#!Tq&!V$
128,bhaldenby64345,x#*l**3T*u$*wyD
638,gpease35703,*0*$x!O@$9L!
98,tsore52580,b&*WgtrV@4iH
53,mkilsby64799,*%!b2$s!f2zD*
385,apiwall65162,%%&ew*5*r#
845,wcockerham35083,!050D!!!N#0
716,tcrippen13475,$HP!J!4!
807,ashere36974,R&@CM%u*
931,flydford53777,*U*43Z16ISS8U
9,cnaylor49318,t!j!M*W3!#9!&
341,ldolton20027,!*%!1**!!&h0t*
38,slemmen39698,*1*$5xk!0
773,floy35790,ew%8c47#4!a9BA5V
394,co'hallagan45194,I!!$3k*62
466,hquilligan25803,%cdt*$7$!u*&!$
235,iglayzer17727,@C!$ntE514N
99,lseddon35166,O&&T%r!H
482,rpien62652,*E5*Z*ad2!**!#
51,pdrewry56457,e9o#1s#**$z&t!
389,dkurten22974,!I%!%!*1u%
179,rhaggett41496,9&%8I&D**%&4H
641,hpennycord2037,%J!!!FN*!E4
135,ajiggins38000,V6fGuK*6*#&**#$1
777,rkusick24847,&pa0*$*Y3&!N
868,mjerosch63446,ct8kE*l4!g!W4$*
867,tangus64982,*8!*B*2!
349,mfrost56154,7n*!$*%6*5p$
354,hsmees41643,y**!g*X*!R!hZ7!
675,wtoovey58327,**2&7tM!!a#
686,pboissieux14154,4*IH#%4R%7mN1
48,rschindler53244,!B*kh*3!N#Cq1*
517,rsquires38040,*86**R*MY*$Nu
331,abrecknall6482,8#!!a!y30!3UBc6*
850,kkauble55701,*s!*3!!zu#4
642,vmisson54725,39!**hco
721,mvasilechko16873,&*L22Q8!!&9!g**q
734,mdeyenhardt4484,#!e!JE**u*q4S2!
569,glehenmann63943,r!D#v*A*
26,lmacrorie52793,*vrh**#!!c*
823,vyankishin11043,6A%v**t!*R
611,rmccaghan28938,*n#!&O2By*!v!***
206,cmapplethorpe63609,*!$!*o*#*!5x
384,jfoot64288,N2*xr*!GK
67,gsadler45049,!*5&%Xe2*88
109,ihaskett15771,!!6!*a!!!R!q
469,echecchi5093,4!*f!3!**&n#Nv
934,mmonan58162,%0ja0y6&v!AD
72,wkillingsworth47286,$*$!!**I*!rD&*8*
315,nnorcott14227,87**!!YA!**
209,tdavidowich26166,@!RcB8H!%!K3
168,mlindup48977,K!!!!k!&*$3$$b!
810,pwheldon51060,3m309!!*i$lk
755,vweld28327,**!qX!!dx1#*k!*
402,gbartlam46819,978e$v!&!3
684,tcarvell8235,7*hg6c0$9#
185,aanfonsi49925,!!%%O5##t!!!7
985,rvasilevich49269,G$09$LN!52!X
975,oelsmore37806,6&$!&**U!V4
15,nlattimore11773,O*&%*X#WN
147,nchown18475,*%08*3g!*!2
591,ldalglish1070,*FP8!%pb&!9GPv!!
806,ofancy6694,%!V!*I#!64&!
819,iwaggett35669,!5*97o%$nn!%!%!i
578,gvinson49963,V!*!1&C8F#V8!
208,wbeharrell37379,Q*&&xI*1%MX#!&
781,toldknowe6453,2#0*X*6&!W!&&C%&
689,gsanham36947,i&P#7!!%#
311,aalleway51253,3!!*v%!*!%&!#
501,klismore20454,Qu#JU!z4!*%*$!r#
737,cvlasyuk37747,qj!v&D#qY*M6Kfx
305,oteesdale3899,AN!*Gl&!*!*5
187,io'connolly31394,!*!*#bJE*&!4
127,boakman24270,!*!*!hUk
481,xpercival51345,I!$y*47T
377,abrantzen11080,*v*T!8*3L*&!*#*6
830,gbrewster1784,!%*%nO0A4#@!u!n!
809,ufranzelini13144,#*9V#%1j1G0Yt&u
626,amcauley26329,**r%Fu#8**
496,tbruckstein49633,h$#MTLn&x#
713,omanthroppe61637,w*&yX!!F!Q%wB
572,gmagnus53628,ID*6urL$2Qr
218,baplin7490,EhX6Y!!!2ORK
540,bfilippello21600,!3&C#UE06!!
656,bblucher18497,*j9oR!J*&
884,hbennitt37464,3#6*$*vO*42eAiL
332,flibero13181,*d*o1*#*4#
434,erachuig15994,!y3%&5Rk3!!gB
224,pbenterman3351,*4*#9o!$!&h!*
579,sbotwright60743,%5E!*h!qPV0*
95,cgiacopini10864,b#X$0#w3
515,cfer33440,$$T!H!6T*3J!*!Oj
411,sloughlin22175,Y#1%!#n0xn*$!
413,seeles42823,*V!D!gJ!T
900,jmoran40801,%d%4E*257G!!
926,btomblings24792,q1*J*3yr!*
82,tkobpal826,!!I!#%2!*
736,ddeppe38498,1!!4%*Okw2*n*&!
84,kspinola32680,5go#Fai!
608,awiggington6062,T*!8#&Z1*!$!MU4
306,tshaylor61024,*2lj2FB1!&!5
210,tvarty1188,!UMpO*&*
914,mrichards18888,!!6*!S2*$*
596,zphilipard41260,3*Z5!O7**!Y**%$
188,msallter10298,**i!!3*0IW0!*G!
539,bgrigor18304,%!#Y!!1*k!9
379,gmougeot41597,*&lxt*!!!
8,aciccottio5272,!#3&#W%**6!#
536,mianson62318,!d$I*ZKAk9!25
996,dmichell19159,y*x*!*8&0!Da$
326,hrohmer20569,j&6@H!3&l*!
812,sellingham35176,#G#&*oP%%v**%Yp1
458,ihardi31714,Kh!U!*pfb9rO!
814,rvelten22024,rQR!C$@H&
27,vstode51649,$#!#XB!$!p!3
691,rcorss54840,a#*5!i712
428,eo'grada34563,b*!t*pSBo7*p
345,wyeskin18265,I$!#!!z5!%VAa3$%
587,nle franc62074,3M#G!w!St
105,cdresche53008,w18!A169*F*%!
905,dalenichicov29602,dvN8TU!H*&
918,debbs7432,J*Dnd*f1#r!%!!
948,gnunn36372,64!rk8&%
316,rdeackes5562,a!w%w&X$h3@
712,psouthorn41760,!#!O$GL*a
524,hmawhinney47769,!*!**!*&5
390,rtebbe43986,*!#6F1*Y
690,fsnaddon26060,8$v##!*&u*14m*
747,vdavisson25322,*!4!n#QAf!3p!v
995,asculley19363,Y*%!co!$!$J!
613,msanderson1756,F!#*!nq&!7**%o9
333,jbarendtsen23366,9%QIu!420!
966,mforrestor17659,*!IPLmB*
148,pbilsborrow11141,51AJ&bR&%!
338,aellesworthe16513,R8J%A!T3T%*G7&
906,agilpillan34111,3%*51*Y@*5!
504,nphilpot63188,%1z!pB!!!h%$*8!q
30,avarns61937,2!#Aa%2*#%!
693,rgullan10681,9tB6!!i$$*!u#*!
741,wpiddick63731,276B!&Q*5*
817,fhurrell62979,!2h*!BxVan
165,taffuso9415,wbC3&jz20#&!Y
664,rcordey28873,g!x*pO!U%*
323,mpettican49194,%7$!O45Tx!*#*&
259,vcastillon33365,!*80F#c*Sv&R!51
334,ebench46314,%9j4%2%Yc*
154,wwelland62916,*%%4X!!!**%0!r
759,rgiacomucci23649,!OL%&*!IY453
925,slippo64764,q9te9w85
803,harias23484,h*Z0#Q1K&MY
497,ewedderburn61531,%#$q7qB!*!2fY
648,mserjeant60360,KNws!!!**
631,jcockroft3702,I5QK$d!!!!
476,pgreenrde54913,*!*!q&*Z!&*U%
865,nfiggures48785,!54!#%&&1B
962,xballaam2144,$*3i851z17L%
133,cwoakes1669,e1&K!*#W*g*&
994,lheggman7546,@2*T&!f*W*qO
33,mreisenberg54206,X4x!*#!a!e!**
327,amanilo8428,$!!##*hD#**$J%
547,rjedrzejczyk9292,1$F4xD3%
195,callon43205,j!n%Huug3&K
804,afargher55076,gU!K3*!!N**
872,gskellern5660,**!4&!b*dC
522,dbaruch8598,1$$IZ0*pAA0Tn
197,rmenat29098,!M*1*!&#B*&8&
502,rrockingham3861,#!s!*e*&5X
66,jvolkers17336,%V!22m!!LQ$f#
919,speaker35556,9#p**7!q5e!!j
589,mgonneau48659,!V*7u$n!2A!qj&%
19,hquarles8785,!8!O!e*z$&!d*3*
795,eskakunas48866,%4yC!F**&
405,dthridgould62271,6ZH!J*G!Qs*!8%
792,mbeartup27657,dd!oU!S!M&!$
571,ccoad36329,nwX!8*#@**W$
825,csharpley5564,1*r@iS!b!#Y8&
116,rhillburn36756,0X*31!mh%45*#*%
855,fbauldrey48946,@#!8!3s5$J&V!#
217,vive43576,h#$n*$Se&!s
864,hbrandsen39312,9A*W!8fWR
223,rlydden47720,a*$t#r*u!*L*8#d
201,dcaldaro49844,2!*$4x&&*!2*M78!
479,rcarff21687,!&b&Jf5C$*dr!!*S
357,scastelluzzi45019,$!M*s!*58
238,ceaster10160,W!Ed%J8!wz7*
839,bmccafferky34612,*!r!*19d3#M8!*q!
811,aduckfield1756,*!*&x!#%&K
367,ppatten7016,&38WPyZ@N!
722,lmeriton63018,8Sn&f0!16!
672,ifarland6957,6!JF!Cj*j
637,wstatton12523,!!o*#F***rEt!c!
968,mstappard25015,1x7NV1ru9**9$*$
228,mcaldayrou11317,%!*g&4L&#!p0m
630,lmattek60085,P&a#j*JC*Y
370,gwickardt12460,7*%!&**#$u#*63
226,porum41982,7%r86*7C**
396,frosin10391,ZS*%!*!K6D%o!1Bk
427,calman37313,&8G5&2A%3
393,cleason56051,*eGh69*2
708,rbirtwisle2386,H*!9!!9!*%*!#!
858,sfaloon51153,#!58U!$!9P9!R5&
606,omallabone7463,4F*v$2z*!p!*
40,kgodfree50340,*#*Tw&gk*6
647,ostormes8779,KAEyp$P&7e!c6$
764,epfeffle9815,*%pt!U!3!**0!#*!
88,rpapa26124,*!4&#!*##B*w&
368,bgermon734,*22G*5&m!9Z!M%
418,cquinlan65390,E*4!8$3*
698,pboldry6740,#!*E66j!#&
101,mbrocks35711,g8vZp12C
534,dearie48001,3Y!Z%**08*
205,iwalters60541,t!vKy!Sj**%emV!
243,wcampos8156,!#0Q1J66L$!8$
137,eseekings9279,1$&!#h!!*$!H6j
824,glamblin25382,hp!6H!*jYq*
453,ocongreave1586,!!jD1!!4G!9
355,droxby48668,Kq!*va*&39
353,npomfrey12728,d*!*0!610#
878,ejurczak64583,z!!!bl*mo!*
409,nkempson62950,!*!!1*!SU!I!*
874,lralston36072,$!s%G6rw7!!$6
771,bsheran46032,7cHL*z7pa
169,jdodswell55045,&E%75$lECT!W%VW*
25,fheberden49981,i!%J%#&!!
912,worchard62527,!q*%v$#&4!PH6
